# Коды с упаковок, добавленные вручную.
#
# Зачем: в ЕСКЛП штрихкод лежит в блоке предельных цен, и заполнен он только
# для ЖНВЛП. Препараты вне перечня и все БАДы туда не попадают, а Национальный
# каталог «Честного знака» открыт лишь участникам оборота. Единственный
# доступный способ пополнить эти пробелы — вносить коды с упаковок, которые
# есть на руках.
#
# ВНИМАНИЕ. Вносить можно ТОЛЬКО код, считанный с реальной упаковки.
# Не угадывать, не достраивать по аналогии с соседней дозировкой, не брать
# из интернета без проверки. Неверная строка здесь означает, что приложение
# подставит человеку чужое лекарство — цена ошибки несопоставима с пользой
# от лишней записи. Сомневаетесь — не вносите.
#
# Откуда брать код: отсканировать упаковку в приложении. Если код неизвестен,
# приложение запомнит связку само (таблица gtin_links), и её остаётся
# перенести сюда.
#
# Эти строки имеют приоритет над ЕСКЛП: они выверены по упаковке в руках,
# а выгрузка бывает неточной.
#
# Формат — табуляция между колонками:
#   gtin      14 цифр. Короткий EAN дополняется нулями слева
#   name      как написано на упаковке
#   inn       действующее вещество; у БАДов обычно пусто
#   form      TABLET CAPSULE DROPS SYRUP SUSPENSION INJECTION INHALER
#             SPRAY OINTMENT SUPPOSITORY PATCH POWDER OTHER
#   strength  число без единицы, необязательно
#   unit      MG G ML DROP PUFF IU SACHET APPLICATION PIECE, необязательно
#
# Пример заполненной строки (значения вымышлены, в сборку не попадает):
#   04600000000000	Пример-Форте	Аскорбиновая кислота	TABLET	500	MG
#
gtin	name	inn	form	strength	unit
